Question,Option A,Option B,Option C,Option D,Correct Answer
What is the base element of ferrous materials?,Steel,Iron,Copper,,Iron
Pure iron is:,Very soft,Very hard,Moderate hardness,,Very soft
"Compared to aluminum, steel has:",Lower density,Higher density,The same density,,Higher density
What are steel grades?,Rating of steel’s usefulness,The cost to make the steel,"The different kinds of steels, distinguished by the specific properties",,"The different kinds of steels, distinguished by the specific properties"
What type of non-alloyed steel is use on aircrafts?,Construction steel,Carbon steel,Manufacturing steel,,Carbon steel
Carbon steel has carbon content around:,0.05 up to 0.5%,0.5 up to 0.8%,0.8 up to 1%,,0.5 up to 0.8%
HHT is a:,Low alloy steel,High alloy steel,Non-alloyed steel,,Low alloy steel
CRES is a:,Low alloy steel,High alloy steel,Non-alloyed steel,,High alloy steel
Which cannot be classified as a HHT steel?,It has 5% Tungsten and 3% Chromium,It has 4% Chromium and 4% Vanadium,It has 6% Nickel and 2% Chromium,,It has 6% Nickel and 2% Chromium
AISI 6xxx has which element as its primary alloying element?,Chromium,Chromium-vanadium,Nickel-chromium,,Chromium-vanadium
"With the AISI standard, the second digit means:",Carbon percentage,Primary alloy percentage,Secondary alloy percentage,,Primary alloy percentage
"With the AISI standard, the last 2 digits represent Carbon content in:",1/10%,1/100%,1/1000%,,1/100%
Which element is the major ingredient for CRES?,Chromium,Silicon,Nickel,,Nickel
Which of the following is not a chipless deformation?,Bending,Compressing,Shearing,,Shearing
What appear when HHT steel suffers from cold-shortness?,Cracks,Nicks,Scratches,,Cracks
Which of these steel grades is affected by hydrogen embrittlement?,300M,AISI 4130,17-4 PH,,AISI 4130
Which of these is not likely the cause of hydrogen embrittlement?,Improper processing of the material,Service induced stresses,Installation residual stresses,,Service induced stresses
When steels are heat treated near its upper limit:,Tends to fracture without much deformation,Absorbs more energy by deformation,Yields the desire structural reliability from either dynamic or static loads,,Tends to fracture without much deformation
"When tempering steel, the temperature is:",Above the GSE line,Below the GSE line,Exactly at the GSE line,,Below the GSE line
"When soft annealing steel, after heating, you must:",Cool it down by quenching,Cool it down in the furnace slowly,Cool it down at room temperature,,Cool it down in the furnace slowly
Which of these acids will have a reaction with titanium at room temperature?,Chromic acid,Hydrochloric acid,Hydrofluoric acid,,Hydrofluoric acid
The most common alloying element for titanium is?,Aluminum,Copper,Zinc,,Aluminum
"In general, Titanium is not:",Castable,Cuttable,Millable,,Castable
Which of the following can be used with titanium fire?,Water,Powder extinguisher,Foam extinguisher,,Powder extinguisher
"When you start drilling titanium, which of the following drill bits cannot be used?",5/32 in,1/8 in,3/16 in,,3/16 in
Which is not a suitable cooling media for titanium drilling?,Distilled water,Oil,Air,,Oil
Titanium components cannot be cleaned using:,MEK,Isopropyl Alcohol,Acetone,,Isopropyl Alcohol
How can you recycle aluminum material?,Remelting,Polishing,Alloying,,Remelting
"When alloying pure aluminum with other elements, which is not true?",Increased strength,Decreased deformability,Increased corrosion resistance,,Increased corrosion resistance
"Compared to cast aluminum alloys, wrought aluminum alloys:",Are more brittle,Are less brittle,Have the same brittleness,,Are less brittle
Which of the following is a non-heat treatable aluminum alloy?,AlMgMn,AlSiCu,AlCuMg,,AlMgMn
Which of these aluminum are not corrosion resistant?,3003 Al,5056 Al,7475 Al,,7475 Al
Which of these aluminum are weldable and heat treatable?,5056,6061,7475,,6061
Why do you need to clad aluminum alloys?,Alloys do not form a closed oxide skin to protect themselves.,Alloys do not give the same shine and glare.,Alloys do not have the same properties as pure aluminum.,,Alloys do not form a closed oxide skin to protect themselves.
Which of the following usually has the thickest clad layer?,0.0055 m 2024 Al,0.3 inch 7075 Al,6200 µm2117 Al,,0.0055 m 2024 Al
Aluminum alloy designated with 3XX.X has which element as its major alloying element?,Manganese,Magnesium and silicon,Silicon with copper and/or magnesium,,Silicon with copper and/or magnesium
1XXX aluminum has at least:,99.00% aluminum,99.09% aluminum,99.99% aluminum,,99.00% aluminum
How do you differentiate between wrought aluminum and cast aluminum by their designated number?,Wrought aluminum has 1 more digit compared to cast aluminum,Cast aluminum has 1 digit separated from the previous 3 by a point,Wrought aluminum has the last digit being 1 or 2 to specify the form of manufacture,,Cast aluminum has 1 digit separated from the previous 3 by a point
How many steps are there in the aluminum heat treatment process?,2,3,4,,3
Which step increases the hardness of aluminum alloys in the heat treatment process?,Solution annealing,Quenching,Aging,,Aging
"In the solution annealing process, the temperature of the aluminum alloy is brought to:",Above the solubility curve,Below the solubility curve,Exactly the solubility curve,,Above the solubility curve
The solution annealing time of a material depends on:,The type of material,The thickness of the material,The type of furnace used,,The thickness of the material
"In the solution annealing process, the temperature and soak time of the material depends on:",The material manufacturer,The aircraft manufacturer,The authority,,The material manufacturer
The purpose of quenching is to:,Cool down the material,Fix the state achieved with solution annealing,Harden the material,,Fix the state achieved with solution annealing
"Generally, the quenching process happens in:",A salt bath,An oil bath,A water bath,,A water bath
The W-state is achieved:,After solution annealing,After quenching,After aging,,After quenching
Why do aluminum alloys get hardened after a heat treatment process?,The aluminum lattice structure gets distorted by precipitations formed by wandering foreign atoms inside them.,The aluminum lattice structure gets uniformed by precipitations formed by wandering foreign atoms inside them.,The aluminum lattice structure gets crystalized by precipitations formed by wandering foreign atoms inside them.,,The aluminum lattice structure gets distorted by precipitations formed by wandering foreign atoms inside them.
Which is not an aging method for aluminum alloys?,Natural aging,Forced aging,Artificial aging,,Forced aging
After soft annealing:,The parts can be installed on the aircraft,The parts have to be quenched,The parts have to be heat treated again,,The parts have to be heat treated again
Which is not a valid temper designation?,2117-T2,2014-T3,7175-T6,,2117-T2
Which of these materials are easiest to form with?,2024-W,2024-F,2024-O,,2024-O
Which is not a possible temper designation?,2024-W,2024-O,2024-H,,2024-H
Which is a possible temper designation?,5052-T3,5052-W,5052-H,,5052-H
ALCLAD 7075-T6511 is:,"Solution annealed, quenched, stretched, straightened, artificially aged.","Solution annealed, quenched, straightened, stretched, artificially aged.","Solution annealed, quenched, bended, stretched, straightened, artificially aged.",,"Solution annealed, quenched, stretched, straightened, artificially aged."
The difference between T42 and T62 temper designation is:,The annealing process,The quenching process,The aging process,,The aging process
"Compared to T6, T61:",Has more strength,Can be welded,Is more ductile,,Is more ductile
The process to make ALCLAD 2024-T42 from ALCLAD 2024-T3 is?,"Soft annealing, solution annealing, quenched, naturally aged.","Soft annealing, solution annealing, quenched, stress relieved by stretching, naturally aged.","Soft annealing, solution annealing, quenched, stress relieved by compressing, naturally aged.",,"Soft annealing, solution annealing, quenched, naturally aged."
Glare is a material consists of aluminum and:,Carbon fiber prepreg,Aramid fiber prepreg,Glass fiber prepreg,,Glass fiber prepreg
How many standard grades of glare are there?,4,5,6,,6
Which properties make it so that glare is better than aluminum alloys at protecting the load carrying structure underneath the skin?,Good impact properties,Good fatigue resistance,Good damage tolerant properties,,Good impact properties
What does CFRP mean?,Carbon Fibre Reinforced Plastic,Ceramic Fibre Reinforced Plastic,Composite Fibre Reinforced Plastic,,Carbon Fibre Reinforced Plastic
Composite is describe as:,Three or more materials that are combined to form a much stronger structure than either material by itself,One or more materials that are combined to form a much stronger structure than either material by itself,Two or more materials that are combined to form a much stronger structure than either material by itself,,Two or more materials that are combined to form a much stronger structure than either material by itself
The advantages of composite materials are:,"High strength-to-weight ratio, Reduction of parts and fasteners, Reduction of wear, Easy to repair.","High strength-to-weight ratio, Reduction of parts and fasteners, Reduction of wear, Corrosion resistance.","High strength-to-weight ratio, Reduction of parts and fasteners, Reduction of wear, Generally expensive",,"High strength-to-weight ratio, Reduction of parts and fasteners, Reduction of wear, Corrosion resistance."
The disadvantages of composite materials are:,"Generally expensive. Not easy to repair; you need well-trained staff, tools, equipment and facilities to repair composite components.","Generally expensive. Easy to repair; you need well-trained staff, tools, equipment and facilities to repair composite components.","Generally cheap. Easy to repair; you don't need well-trained staff, tools, equipment and facilities to repair composite components.",,"Generally expensive. Not easy to repair; you need well-trained staff, tools, equipment and facilities to repair composite components."
Reinforcing materials are include:,"Fibreglass, Aramid, Graphite","Fibreglass, Aramid, Kevlar","CFRP, Aramid, Graphite",,"Fibreglass, Aramid, Graphite"
Prepreg fibers are:,These fibres are impregnated with resin.,These fibres are already impregnated with resin in the production process and then heated very fast.,These fibres are already impregnated with resin in the production process and then cooled down very fast.,,These fibres are already impregnated with resin in the production process and then cooled down very fast.
What are the characteristics of the honeycomb core material?,Has a rectangle shape and has a excellent strength-to-weight ratio.,Has a natural honeycomb shape and has excellent strength-to-weight ratio.,Has a circle shape and has excellent strength-to-weight ratio.,,Has a natural honeycomb shape and has excellent strength-to-weight ratio.
What is the main material of the tailplane and elevator on an A320 aircraft?,Aluminium alloy,AFRP,CFRP and GFRP,,CFRP and GFRP
"The effectiveness of an adhesive depends on several factors, including:","Resistance to slippage and shrinkage, Malleability, Cohesive strength and Adhesion","Resistance to slippage and shrinkage, Cohesive strength and Adhesion","Resistance to slippage and shrinkage, Malleability",,"Resistance to slippage and shrinkage, Malleability, Cohesive strength and Adhesion"
What are film adhesives used for?,"Bonding metal to metal, sandwich core to skin and GFRP, AFRP and CFRP",Bonding GFRP to AFRP and CFRP,"Bonding sandwich core to GFRP, AFRP and CFRP",,"Bonding metal to metal, sandwich core to skin and GFRP, AFRP and CFRP"
The film adhesive has to be stored,Under refrigeration at 0°C,At room temperature.,Under refrigeration at −18°C,,Under refrigeration at −18°C
The two main types of resin used as a matrix are:,Thermoplastic resins and polyester resin,Thermosetting resin and thermoplastic resin,Epoxy resins and phenolic resins,,Thermosetting resin and thermoplastic resin
Aramid fibres are also known as:,KEVLAR,Graphite,Silica,,KEVLAR
Which type of fibre causes aluminum corrosion?,Aramid fibre,carbon fibre,Glass fibre,,carbon fibre
Which type of resin is not used on composite structures?,Epoxy resins,Phenolic resins,Thermoplastic resins,,Thermoplastic resins
The disadvantages of epoxy resins are?,"Toxic, low pot and shelf−life, high cost","Non-toxic, low pot and shelf−life, high cost","Toxic, long pot and shelf−life, high cost",,"Toxic, low pot and shelf−life, high cost"
"When you mix the recommended amount of hardener into resin, the part will be",Cured,Sticky,Unreacted,,Cured
The most simple composite is composed of,A metallic and a non-metallic material,A matrix and a reinforcing material,A metallic and reinforcing material,,A matrix and a reinforcing material
The production methods of plastics include:,"Polyester, polycondensation, polyaddition","Polymerisation, polyamides, polyurethanes","Polymerisation, polycondensation, polyaddition",,"Polymerisation, polycondensation, polyaddition"
Which aircraft has its whole airframe made out of composite materials?,Airbus A321,Airbus A330,Boeing B787,,Boeing B787
Which fibre is used mainly for new Airbus aircraft radome?,QFRP,CFRP,AFRP,,QFRP
Which material is used to manufacture primary structural components?,CFRP,AFRP,GFRP,,CFRP
Styles of fabrics are include:,"Roving, warp-reinforced fabric, fabrics","Roving, mats, fabrics","Roving, warp-reinforced fabric, linen fabrics",,"Roving, mats, fabrics"
Bonding prepreg is used,To connect GFRP laminates,To connect CFRP laminates,To connect GFRP laminates with honeycombs or sheet metal parts.,,To connect GFRP laminates with honeycombs or sheet metal parts.
How many percent of resin are there in a standard prepreg?,18 to 20%,0.38,0.5,,0.38
What is a sandwich construction?,"A core is bonded between two thin-face sheets, providing a rigid, lightweight component","A core is bonded with one thin-face sheet, providing a rigid, lightweight component","Two thin-face sheets are bonded together, providing a rigid, lightweight component",,"A core is bonded between two thin-face sheets, providing a rigid, lightweight component"
Core material is include,Foam and adhesive film,Foam and resin,Foam and honeycomb core,,Foam and honeycomb core
Nomex core is made from:,Aluminium,A paper-impregnated material,Carbon,,A paper-impregnated material
Which adhesive has to evaporate one of its components to cure?,Solvent adhesives,Contact adhesives,Dispersion adhesives,,Solvent adhesives
Which of the following are commonly used thixotropic agents?,Micro-balloons and glass fibre,Micro-balloons and carbon fibre,Micro-balloons and aerosil.,,Micro-balloons and aerosil.
The two main types of thermosetting resin used for composite structures are:,Epoxy resins and Phenolic resins,Thermoplastic resins and Polyester resin,Epoxy resins and thermoplastic resins,,Epoxy resins and Phenolic resins
Epoxy resins will cure at:,Room temperature or high temperature,At 0°C,Room temperature,,Room temperature or high temperature
"When the matrix and the reinforcing material are combined and cured,","The part is weaker than the fabric is by itself, and weaker than the resin is by itself.","This condition would result in a weak product, and in extreme cases the epoxy would remain sticky.","The part is stronger than the fabric is by itself, and stronger than the resin is by itself.",,"The part is stronger than the fabric is by itself, and stronger than the resin is by itself."
Which form are the matrix and the reinforcing generally in?,The matrix is generally in gas form and the reinforcing material is a solid,The matrix is generally in liquid form and the reinforcing material is a solid,The matrix is generally in solid form and the reinforcing material is a liquid,,The matrix is generally in liquid form and the reinforcing material is a solid
Surface treatment of composite materials includes,and Heat treatment,Heat treatment and Painting,Chromic Acid Anodizing (CA,,Electrical Bonding and Painting
How many main types of resin are used as a matrix?,2 types,3 types,4 types,,2 types
Which type of resin is not currently utilized on composite structures?,Epoxy resins,Thermoplastic resins,Phenolic resins,,Thermoplastic resins
Which factors have a positive effect on surface wetting?,"Removal of surface contamination, Viscosity reduction through application of heat, Time and pressure at the bonding point.","Fingerprints left on adherent surfaces, Residues not removed from the adherent surfaces, Low temperatures, Incorrect or no surface pre-treatment.","Removal of surface contamination, Time and pressure at the bonding point, Low temperatures",,"Removal of surface contamination, Viscosity reduction through application of heat, Time and pressure at the bonding point."
Which factors have a negative effect on surface wetting?,"Removal of surface contamination, Viscosity reduction through application of heat, Time and pressure at the bonding point.","Fingerprints left on adherent surfaces, Residues not removed from the adherent surfaces, Low temperatures, Incorrect or no surface pre-treatment.","Removal of surface contamination, Time and pressure at the bonding point, Low temperatures",,"Fingerprints left on adherent surfaces, Residues not removed from the adherent surfaces, Low temperatures, Incorrect or no surface pre-treatment."
Which type of damage is a skin not-perforated damage?,"Abrasion, Lightning strike, Delamination, Scratches, Dents, Holes, Gouges","Abrasion, Debonding, Delamination, Nicks, Dents, Holes, Gouges","Abrasion, Debonding, Delamination, Nicks, Dents, Gouges, Scratches",,"Abrasion, Debonding, Delamination, Nicks, Dents, Gouges, Scratches"
Which type of damage is a skin perforated damage (with damage of fibres)?,"Abrasion, Delamination, Scratches, Dents, Gouges","Holes, Lightning strike, Impact by foreign object (FO","Abrasion, Debonding, Delamination, Nicks, Dents, Gouges, Scratches",,"Holes, Lightning strike, Impact by foreign object (FO"
Which of the following statements is correct about Scratch damage?,"Scratch is damage to a surface caused by scuffing, rubbing or scraping of the component. Fibres are not damaged and mechanical performance is not affected.","Scratch is when a separation of materials, e.g. stringer to skin, occurs due to an adhesive failure",Scratch is the result of contact with a sharp object and only surface fibres are affected and the edges are sharp,,Scratch is the result of contact with a sharp object and only surface fibres are affected and the edges are sharp
Which of the following statements is correct about Abrasion damage?,"Abrasion is damage to a surface caused by scuffing, rubbing or scraping of the component. Fibres are not damaged and mechanical performance is not affected.","Abrasion is when a separation of materials, e.g. stringer to skin, occurs due to an adhesive failure",Abrasion is the result of contact with a sharp object and only surface fibres are affected and the edges are sharp,,"Abrasion is damage to a surface caused by scuffing, rubbing or scraping of the component. Fibres are not damaged and mechanical performance is not affected."
Which of the following statements is correct about Debonding damage?,"Debonding is damage to a surface caused by scuffing, rubbing or scraping of the component. Fibres are not damaged and mechanical performance is not affected.","Debonding is when a separation of materials, e.g. stringer to skin, occurs due to an adhesive failure",Debonding is the result of contact with a sharp object and only surface fibres are affected and the edges are sharp,,"Debonding is when a separation of materials, e.g. stringer to skin, occurs due to an adhesive failure"
Which of the following statements is correct about Lightning Strike damage?,"The effect of a lightning strike depends on the material will not be the same. For non- conductive materials like Glass- and Aramid Fibre a large part of the component, if not completely protected, may be blown out because both skins are affected and the core generally vapourised due to the extreme heat","Lightning strike is when a separation of materials, e.g. stringer to skin, occurs due to an adhesive failure","Lightning strike is when the separation of plies occurs in a multi-laminate material. This can be caused by the material being hit (impact delamination), or when there is a resin failure for any other reason.",,"The effect of a lightning strike depends on the material will not be the same. For non- conductive materials like Glass- and Aramid Fibre a large part of the component, if not completely protected, may be blown out because both skins are affected and the core generally vapourised due to the extreme heat"
Which of the following statements is correct about Delamination damage?,"Delamination is a deformity caused by extraneous forces, which are applied to the structure. This can be an impact (FO","Delamination is when a separation of materials, e.g. stringer to skin, occurs due to an adhesive failure","Delamination is when the separation of plies occurs in a multi-laminate material. This can be caused by the material being hit (impact delamination), or when there is a resin failure for any other reason.",for example.,"Delamination is when the separation of plies occurs in a multi-laminate material. This can be caused by the material being hit (impact delamination), or when there is a resin failure for any other reason."
Which of the following statements is correct about Dent damage?,"A dent is a deformity caused by extraneous forces, which are applied to the structure. This can be an impact (FO","A dent is when a separation of materials, e.g. stringer to skin, occurs due to an adhesive failure","A dent is when the separation of plies occurs in a multi-laminate material. This can be caused by the material being hit (impact delamination), or when there is a resin failure for any other reason.",for example.,"A dent is a deformity caused by extraneous forces, which are applied to the structure. This can be an impact (FO"
Which of the following statements is correct about Erosion damage?,Erosion is the result of contact with a sharp object and only surface fibres are affected and the edges are sharp.,"Erosion could affect all the leading edge surfaces, especially when the initial surface protection system has been damaged. Erosion, when undetected or unrepaired, may generate composite deterioration.",Erosion principally affects the resin and is generally due to accidental contact with aggressive chemical liquids or products (e.g. hydraulic fluid).,,"Erosion could affect all the leading edge surfaces, especially when the initial surface protection system has been damaged. Erosion, when undetected or unrepaired, may generate composite deterioration."
Which of the following statements is correct about Chemical Degradation damage?,"Chemical degradation is the result of contact with a sharp object, only surface fibres are affected and the edges are sharp.","Chemical degradation could affect all the leading edge surfaces. Chemical degradation, when undetected or unrepaired, may generate composite deterioration.",Chemical degradation principally affects the resin and is generally due to accidental contact with aggressive chemical liquids or products (e.g. hydraulic fluid).,,Chemical degradation principally affects the resin and is generally due to accidental contact with aggressive chemical liquids or products (e.g. hydraulic fluid).
What testing methods can detect the presence of debonding and delamination damages?,"Tap Testing, Visual or optical inspection","Tap Testing, Ultrasonics","Penetrant, Ultrasonics",,"Tap Testing, Ultrasonics"
Which of the following statements is correct about Tap testing?,"Tap testing is only capable of finding flaws that are evident on the visible surface. Internal flaws in composites (such as delamination, disbonding and matrix crazing) are not detectable. In addition, tight surface cracks and edge delamination may not be detectable.","Tap testing is extremely sensitive in measuring small surface defects. The part to be inspected is stressed by the application of heat, a static load or vibration to bring out the effect of the flaw on the surface displacement",Tap testing is widely used for the quick evaluation of any accessible aircraft surfaces to detect presence of debonding or entrapped water.,,Tap testing is widely used for the quick evaluation of any accessible aircraft surfaces to detect presence of debonding or entrapped water.
Which of the following statements is correct about Radiography testing?,Radiography is only capable of finding flaws that are evident on the visible surface.,"The part to be inspected by radiography is stressed by the application of heat, a static load or vibration to bring out the effect of the flaw on the surface displacement.",Radiography is a NDT technique that uses X−rays or gamma rays.,,Radiography is a NDT technique that uses X−rays or gamma rays.
Which of the following statements is correct about Ultrasonics testing?,"Ultrasonic waves travel through solids and liquids at relatively high speeds, but are rapidly attenuated in gasses. The density and the elasticity of the medium may affect the wave speed.","The part to be inspected by ultrasonics is stressed by the application of heat, a static load or vibration to bring out the effect of the flaw on the surface displacement.",Ultrasonics is a NDT technique that uses X−rays or gamma rays.,,"Ultrasonic waves travel through solids and liquids at relatively high speeds, but are rapidly attenuated in gasses. The density and the elasticity of the medium may affect the wave speed."
What are the typical of repairs on Composite parts?,"Injection repair, repair of edges.",Repair of coverings and honeycombs,"Injection repair, repair of edges and repair of coverings, honeycombs",,"Injection repair, repair of edges and repair of coverings, honeycombs"
Which of the following statements is correct about Repair through Injection of Resin?,"Repair through Injection of Resin is recommended for small damages of the honeycomb material. The area is filled with thickened resin/hardener alloy and in the next step made plane. However, the repaired area has lost nearly the half of its original strength.","The repair through injection of resin is an approved repair for delamination or dissolving adhesives. If the damaged is caused by contamination or water absorption, this type of repair is not recommended.","Repair through Injection of Resin is typical for sandwich structures. It is easy to accomplish especially if the damaged parts are very small. Today two different repairs of sandwich parts can be accomplished: Repair of the covering, if only one side of the covering and/or parts of the combs are damaged; Repair of the covering, if both covering parts and the combs are damaged",,"The repair through injection of resin is an approved repair for delamination or dissolving adhesives. If the damaged is caused by contamination or water absorption, this type of repair is not recommended."
Which of the following statements is correct about Filling Repair?,"Filling Repair Resin is recommended for small damages of the honeycomb material. The area is filled with thickened resin/hardener alloy and in the next step made plane. However, the repaired area has lost nearly the half of its original strength.","Filling Repair is an approved repair for delamination or dissolving adhesives. If the damage is caused by contamination or water absorption, this type of repair is not recommended.","Filling Repair is typical for sandwich structures. It is easy to accomplish especially if the damaged parts are very small. Today two different repairs of sandwich parts can be accomplished: Repair of the covering, if only one side of the covering and/or parts of the combs are damaged; Repair of the covering, if both covering parts and the combs are damaged",,"Filling Repair Resin is recommended for small damages of the honeycomb material. The area is filled with thickened resin/hardener alloy and in the next step made plane. However, the repaired area has lost nearly the half of its original strength."
Which of the following statements is correct about the Repair of honeycombs and covering?,"Repair of honeycombs and covering is recommended for small damages of the honeycomb material. The area is filled with thickened resin/hardener alloy and in the next step made plane. However, the repaired area has lost nearly the half of its original strength.","Repair of honeycombs and covering is an approved repair for delamination or dissolving adhesives. If the damage is caused by contamination or water absorption, this type of repair is not recommended","Repair of honeycombs and covering is typical for sandwich structures. It is easy to accomplish especially if the damaged parts are very small. Today two different repairs of sandwich parts can be accomplished: Repair of the covering, if only one side of the covering and/or parts of the combs are damaged; Repair of the covering, if both covering parts and the combs are damaged",,"Repair of honeycombs and covering is typical for sandwich structures. It is easy to accomplish especially if the damaged parts are very small. Today two different repairs of sandwich parts can be accomplished: Repair of the covering, if only one side of the covering and/or parts of the combs are damaged; Repair of the covering, if both covering parts and the combs are damaged"
A category of plastic material that is capable of softening or flowing when reheated is called?,Thermoset,Thermoplastic,Thermocure,,Thermoplastic
The length and of time that a catalyzed resin will remain in a workable state is called the,Shelf life,Service life,Pot life,,Pot life
What is the purpose of the water break test?,Make sure the repair surface is clean of grease and contamination,Ensure that there is no further damage at the repair surface,Make sure the repair surface is clean of grease and contamination and no further damage at the repair surface,,Make sure the repair surface is clean of grease and contamination
What does Shelf Life mean?,Shelf Life is the length and time that a catalyzed resin will remain in a workable state,The shelf life is the time which the product is still good in an unopened container and varies from product to product,The shelf life is the time that resin remains suitable for application after it has been mixed.,,The shelf life is the time which the product is still good in an unopened container and varies from product to product
What are the effects of the Perforated Parting Film?,"To prevent the bagging materials sticking to the repair surface. The film is perforated with small holes to allow air and gases to escape from the repair piles. Some resin will escape through the holes so, for repair, it is best to choose a film with pin-pricks to reduce the resin loss. Perforated parting film will produce a shiny, resin-rich surface on the repair.","To help even-out the temperature over the entire repair, help even-out the pressure over the whole repair and improve the flatness of the surface of the repair.",To allow the air and gases to escape easily,,"To prevent the bagging materials sticking to the repair surface. The film is perforated with small holes to allow air and gases to escape from the repair piles. Some resin will escape through the holes so, for repair, it is best to choose a film with pin-pricks to reduce the resin loss. Perforated parting film will produce a shiny, resin-rich surface on the repair."
What are the effects of the Caul Plate?,"To prevent the bagging materials sticking to the repair surface. The film is perforated with small holes to allow air and gases to escape from the repair piles. Some resin will escape through the holes so, for repair, it is best to choose a film with pin-pricks to reduce the resin loss. Perforated parting film will produce a shiny, resin-rich surface on the repair.","To help even-out the temperature over the entire repair, help even-out the pressure over the whole repair and improve the flatness of the surface of the repair.",To allow the air and gases to escape easily,,"To help even-out the temperature over the entire repair, help even-out the pressure over the whole repair and improve the flatness of the surface of the repair."
What are the effects of the Breather Fabric?,"To prevent the bagging materials sticking to the repair surface. The film is perforated with small holes to allow air and gases to escape from the repair piles. Some resin will escape through the holes so, for repair, it is best to choose a film with pin-pricks to reduce the resin loss. Perforated parting film will produce a shiny, resin-rich surface on the repair.","To help even-out the temperature over the entire repair, help even-out the pressure over the whole repair and improve the flatness of the surface of the repair.",To allow the air and gases to escape easily,,To allow the air and gases to escape easily
What are the effects of the Peel Ply?,To leave a rough finish. This produces a surface which can be painted or bonded without further sanding.,To provide an easy path for air to escape and to absorb any resin which comes through the holes in the perforated parting film.,To prevent resin soaking through onto the other bagging materials and the heater blanket.,,To leave a rough finish. This produces a surface which can be painted or bonded without further sanding.
What are the effects of Non−Perforated Parting Film?,To leave a rough finish. This produces a surface which can be painted or bonded without further sanding.,To provide an easy path for air to escape and to absorb any resin which comes through the holes in the perforated parting film.,To prevent resin soaking through onto the other bagging materials and the heater blanket.,,To prevent resin soaking through onto the other bagging materials and the heater blanket.
What are the effects of the Bleeder Cloth?,To leave a rough finish. This produces a surface which can be painted or bonded without further sanding.,To provide an easy path for air to escape and to absorb any resin which comes through the holes in the perforated parting film.,To prevent resin soaking through onto the other bagging materials and the heater blanket.,,To provide an easy path for air to escape and to absorb any resin which comes through the holes in the perforated parting film.
What are the effects of the Heater Blanket?,"Heater Blanket is used to control the temperature of the repair during the warm-up, cure and cool-down stages of the repair",Heater Blanket is used to reduce heat loss and to minimise the effects of draughts on the repair,Heater Blanket is used to seal the vacuum bag to the surface of the item under repair,,"Heater Blanket is used to control the temperature of the repair during the warm-up, cure and cool-down stages of the repair"
What are the effects of the Insulation?,"Insulation is used to control the temperature of the repair during the warm-up, cure and cool- down stages of the repair",Insulation is used to reduce heat loss and to minimise the effects of draughts on the repair,Insulation is used to seal the vacuum bag to the surface of the item under repair,,Insulation is used to reduce heat loss and to minimise the effects of draughts on the repair
What are the effects of the Bag Seating Tape?,"Bag Seating Tape is used to control the temperature of the repair during the warm-up, cure and cool-down stages of the repair",Bag Seating Tape is used to reduce heat loss and to minimise the effects of draughts on the repair,Bag Seating Tape is used to seal the vacuum bag to the surface of the item under repair,,Bag Seating Tape is used to seal the vacuum bag to the surface of the item under repair
"Basically, what is corrosion?","Corrosion is defined as an undesirable, natural reaction of materials with substances in their environment",Corrosion is defined as a desired chemical reaction of materials with substances in their environment,Corrosion is a type of mechanical abrasion that reduces material thickness,,"Corrosion is defined as an undesirable, natural reaction of materials with substances in their environment"
"If there is an area with worm-like traces on the surface of the aluminum alloy, what kind of corrosion is it",Electrochemical Corrosion,Filiform Corrosion,Galvanic Corrosion,,Filiform Corrosion
Why is pitting corrosion dangerous,"Because it has no obvious signs on the surface of the metal so it is difficult to detect. In addition, the corrosion extends in the vertical direction so it reduces material strength","Because it has no obvious signs on the surface of the metal so it is difficult to detect. In addition, the corrosion extends in the horizontal direction so it reduces material strength",Because it is the most difficult type of corrosion to repair,,"Because it has no obvious signs on the surface of the metal so it is difficult to detect. In addition, the corrosion extends in the vertical direction so it reduces material strength"
"When you immerse a electrode metal bars in electrolyte fluid, what will happen with the Anode?","The dissolved ions take in electrons and deposit as metal atoms on the electrode surface, which means that the metal ions are reduced",This is an oxidation-reduction reaction,"Positively charged metal-ions are emitted to the electrolyte, and leave behind negatively charged electrodes in the metal",,"Positively charged metal-ions are emitted to the electrolyte, and leave behind negatively charged electrodes in the metal"
"When you see the white-grey powdery on surface of steel, what does it mean?",Mean nothing,This is a sign of corrosion on surface,This is the production of the oxidation on steel surface,,Mean nothing
"In a Galvanic Cell made from Zn (Anode) and Cu (Cathode), which electrode is oxidized",Cu,Zn,None,,Zn
What will happen if Austenitic steel works under high temperature?,It can lose their corrosion resistance ability,"Steel characteristics do not change, due to their high thermal strength",They will become softer,,It can lose their corrosion resistance ability
Can steels made from alloys of chromium (Cr)−nickel (Ni) and chromium−nickel-manganese be corroded?,"No, They are corrosion resistance steels","Yes, if it works under high temperature environment","Yes, after hardened only by cold-working",,"Yes, if it works under high temperature environment"
Aluminum alloy has good corrosion resistance right?,Wrong,Right,It depends on the main metal in the alloy,,Wrong
"With aluminum alloys are used on aircraft, which part plays the role of corrosion resistance",The main metal composition in the alloy will determine its corrosion resistance,"Due to the low strength of aluminium alloy, it is unsuitable for aircraft structures",A thin layer of pure aluminium on surface is a means of corrosion protection,,A thin layer of pure aluminium on surface is a means of corrosion protection
Why say Corrosion of metals is the tendency to return to their natural state?,Because in nature metals exist in the form of alloys,"Because in nature, almost all metals exist in the form of noble metals, thus alloys tend to return to their metal oxides form","Because in nature, except some noble metals, almost metals do not exist in their pure form, exist only in the form of metal ores (oxides)",,"Because in nature, except some noble metals, almost metals do not exist in their pure form, exist only in the form of metal ores (oxides)"
What are the basic conditions for the formation of corrosion?,"Material, environment and the chemical reaction of material with environment","Material, inert gas and the chemical reaction of material with gas","Material, Oxygen and temperature",,"Material, environment and the chemical reaction of material with environment"
"In a mechanical joint between aluminum alloy and copper, which material will be corroded first","None of them, because they are corrosion resistance",Aluminum alloy,Cu,,Aluminum alloy
"Corrosion occurs when two dissimilar metals make electrical contact in the presence of an electrolyte, what is it?",Galvanic corrosion,Electrochemical Corrosion,Fretting Corrosion,,Galvanic corrosion
"There is a damage on the surface of the ALCLAD sheet, the depth of which exceeds 7% of the thickness of the metal sheet. If not repaired, what kind of corrosion is most likely to occur?",Intergranular Corrosion,Fretting Corrosion,Filiform Corrosion,,Intergranular Corrosion
Name one method of corrosion protection that uses electrochemical reactions,Electrolysis,Electroplating technique,Electrochemical,,Electroplating technique
Why aircraft fuselage structure joints use aluminum alloy rivets and not steel or monel rivets?,Because aluminum alloy rivets are easy to install,Because aluminum alloy rivets have better strength and less susceptible to corrosion than others,This will minimize corrosion due to the dissimilar metal of rivets and aircraft structures,,This will minimize corrosion due to the dissimilar metal of rivets and aircraft structures
"When there is corrosion on aircraft structures, what are its consequences?",The Aircraft is inoperable,"Aircraft structures are reduced mechanical strength, functional impairment or destroyed if these damaged structures are not repaired appropriately",The aircraft is not allowed to operate until the damaged structures are replaced,,"Aircraft structures are reduced mechanical strength, functional impairment or destroyed if these damaged structures are not repaired appropriately"
"During routine aircraft maintenance, a fuel sample is usually taken for inspection. One of the purposes of this is to prevent corrosion in the fuel tank. Why?",Because in the fuel tank may have water and microorganisms can grow in the tank. This will cause corrosion of the fuel tank structure,"Because the fuel in the tank can be mixed with the electrolyte solution, leading to electrochemical corrosion","Because the fuel in the tank can change its chemical structure, turning it into structural corrosive substances",,Because in the fuel tank may have water and microorganisms can grow in the tank. This will cause corrosion of the fuel tank structure
"In 2 metal joints: 1 - between aluminum alloy 2024 and tin, 2 - between 2024 and Zinc. In which joints aluminum alloy 2024 will be corroded first after a period of working time",In the joint between 2024 and Tin,In the joint between 2024 and Zinc,None of them,,In the joint between 2024 and Tin
How many part of the Hi-Lok and Hi-Lite (pin threaded) fastener:,"There are one parts: Collar with an internal thread, an external hexagonal drive and an external",There are one parts: Threaded pin with a head (universal or countersink),"There are two parts: Threaded pin with a head (universal or countersink) and collar with an internal thread, an external hexagonal drive and an external shear groove",,"There are two parts: Threaded pin with a head (universal or countersink) and collar with an internal thread, an external hexagonal drive and an external shear groove"
Pin (threaded) fasteners are usually installed in interference-fit holes?,TRUE,FALSE,Not given,,TRUE
A clearance fit hole (unless specified differently) must be used if one or more of the structural members to be attached are made of?,Aluminum alloy,"Steel, Stainless steel, Titanium",Application for all material,,"Steel, Stainless steel, Titanium"
Can install the pin (threaded) fasteners with power or hand tools?,Not allow,Just hand tools,"Yes, depending on the position the power/hand tools can access.",,"Yes, depending on the position the power/hand tools can access."
When blind rivets which are used for repair work on the aircraft?,"At the locations in an aircraft structure, which are need the heavy load","At the locations in an aircraft structure, which are need the light load","At the locations in an aircraft structure, which are very hard to reach for riveting - it is impossible to set a rivet snap at the other site of the rivet",,"At the locations in an aircraft structure, which are very hard to reach for riveting - it is impossible to set a rivet snap at the other site of the rivet"
How to identify material and type of solid rivets are identified by?,Symbol and shape on head of rivet,Shape of rivet,Length of rivet,,Symbol and shape on head of rivet
Which type of solid rivet may used in tank sealing rivets?,Type A- and DD rivets,Type A- and AD rivets,Type AD- and DD rivets,,Type AD- and DD rivets
Which symbol on TAPER-LOK HEAD MARKS is Heat Resistant Alloy?,HB,CB,H,,CB
Which symbol on TAPER-LOK HEAD MARKS is 6Al4V Titanium Alloy?,HB,V,H,,V
A Lockbolt (pin swaged) fastener is a two-piece assembly consisting of:,A pin with a protruding or countersink head,A collar,A pin with a protruding or countersink head and a collar,,A pin with a protruding or countersink head and a collar
Which type of fit are used to install Lockbolt pins in thin structure?,Clearance fit,Transitionfit,Interference Fit,,Clearance fit
Which type of fit are used to install Lockbolt pins in thick structure?,Clearance fit,Transitionfit,Interference Fit,,Clearance fit
Which type of fit are used to install Lockbolt pins in any structure?,Interference Fit,Transitionfit,Interference or transition fit,,Interference or transition fit
What are rivets made of US material 1100 used for?,Attach aluminium alloy components where a high−strength rivet,Attach aluminium alloy components where a low−strength rivet is sufficient to hold the load.,Attach aluminium alloy components where a normal−strength rivet is sufficient to hold the load.,,Attach aluminium alloy components where a low−strength rivet is sufficient to hold the load.
Do Monel rivets need to be heat treated before use?,No,Yes,Not given,,No
Monel rivets are used on which material?,Steel riveted assemblies,"Steel, titanium or aluminium alloy riveted assemblies",Steel or aluminium alloy riveted assemblies,,"Steel, titanium or aluminium alloy riveted assemblies"
Do Titanium rivets need to be heat treated before use?,No,Yes,Not given,,No
A commonly-used rule of thumb for selecting the rivet size is to choose a rivet whose diameter is?,At least 2 times the thickness of the thickest sheet being joined.,At least 2.5 times the thickness of the thickest sheet being joined.,At least 3 times the thickness of the thickest sheet being joined.,,At least 3 times the thickness of the thickest sheet being joined.
How many head types of Solid Rivets?,12,11,10,,11
Symbol of solid rivet 2017 Aluminium Alloy (AD)?,They are identified by two raised dashes on their heads.,A raised dot in the centre of their head.,A small dimple in the centre of their head,,A small dimple in the centre of their head
Symbol of solid rivet 2017 Aluminium Alloy (D)?,They are identified by two raised dashes on their heads.,A small dimple in the centre of their head,A raised dot in the centre of their head.,,A raised dot in the centre of their head.
Symbol of solid rivet 2024 Aluminium Alloy (DD)?,A raised dot in the centre of their head.,A small dimple in the centre of their head,They are identified by two raised dashes on their heads.,,They are identified by two raised dashes on their heads.
Symbol of Titanium rivets are identified on their head?,Titanium rivets are identified by a raised V or T on their head,A small dimple in the centre of their head,A raised dot in the centre of their head.,,Titanium rivets are identified by a raised V or T on their head
Symbol of Corrosion Resistant Steel rivets are identified on their head?,No mark,A small dimple in the centre of their head,A raised dot in the centre of their head.,,No mark
"When remove solid rivet, you must drill-out on?",Manufacture head,Upset head,Any direction head you can access,,Any direction head you can access
"When remove Hi Lok/Hilite, you must?",Drill on manufacture head,Upset head,Loosen Collar/nut and then punch out the rivet or drill any direction head you can access,,Loosen Collar/nut and then punch out the rivet or drill any direction head you can access
Working pressure of HP-Tubes is?,Above 1500 PSI,Above 1800 PSI,Under 1500 PSI,,Above 1500 PSI
What material principally made of lines in the engine area and in the landing gear area?,Aluminum,Steel,Titanium,,Steel
The MS-Fitting consists of?,"A fitting, a sleeve and a union nut","A fitting, a bolt and a union nut","A fitting, a sleeve and a flare nut",,"A fitting, a sleeve and a union nut"
How many types of Harrison-Type-Fittings?,1,3,2,,2
What is construction of hose include?,"The inner layer, the reinforcement layer and the outer cover",The reinforcement layer and the outer cover,The inner layer and the outer cover,,"The inner layer, the reinforcement layer and the outer cover"
What size of the inner diameter of hoses is usually given in?,1/8 inch,1/16 inch,1/4 inch,,1/16 inch
What is a spring?,Is an engineering component which when deflected by a force tends to return to its unloaded shape,Is an engineering component which when deflected by a force tends to keep to its unloaded shape,Is an engineering component which when deflected by a force tends to return to its loaded shape,,Is an engineering component which when deflected by a force tends to return to its unloaded shape
How many classes of metal springs have?,1,3,2,,3
Which spring are used to apply a fixed load throughout their life?,High Duty Springs,Static Load Springs,General Duty Springs,,Static Load Springs
Which spring can produce tensional and torsional movement?,Wireform Springs,Torsion Springs,Compression Springs,,Wireform Springs
Which material of spring can be used for high temperatures up to 343 degrees Celsius?,Alloy Steel Wire,Stainless Steel Wire,High−Temperature Alloy Wire,,Stainless Steel Wire
How is compression springs work?,By resisting compressive force,By resisting externally applied torque,By their initial tension resisting the pulling force to which their ends are attached,,By resisting compressive force
What is/are main function(s) of bearing?,Used to support the journals of shafts,Used to support the journals of axles,Used to support the journals of shafts and axles,,Used to support the journals of shafts and axles
What are 02 types of bearings?,Pivot bearings and axial bearings,Axial bearings and journal bearings,Journal bearings or roller bearings,,Axial bearings and journal bearings
What are 02 kinds of bearings loading?,Radial and thrust,Axial and thrust,Radial and axial,,Radial and thrust
How many types of anti−friction bearings?,3,4,5,,5
Construction of an anti-friction bearing consists of?,"The outer and inner raceway, the rolling element and usually a rolling element cage","The inner raceway, the rolling element and usually a rolling element cage","The outer raceway, the rolling element and usually a rolling element cage",,"The outer and inner raceway, the rolling element and usually a rolling element cage"
What is/are material of the anti friction bearing raceways and rolling elements?,Chromium steel or chromium nickel steel,Chromium steel or titanium nickel steel,Aluminum or chromium nickel steel,,Chromium steel or chromium nickel steel
Which load(s) the tapered roller bearing can handle?,Radial and axial loads,Axial and thrust loads,Radial and thrust loads,,Radial and thrust loads
Which bearing combines the benefits of all the other bearing types as well as offering additional advantages?,Spherical roller bearing,The tapered roller bearing,The ball bearing,,The tapered roller bearing
Which bearing have a ’point’ contact between the balls and the races?,Spherical roller bearing,The tapered roller bearing,The ball bearing,,The ball bearing
Which bearing distributes the load over the length of the roller (line contact)?,Spherical roller bearing,The tapered roller bearing,The ball bearing,,The tapered roller bearing
Where is chains may be used in?,Control runs or in conjunction with cable assemblies,In conjunction with cable assemblies,Control runs,,Control runs or in conjunction with cable assemblies
Where may chains be found in?,"Control Column Installations, Elevator Controls and Trim Control Systems","Control Column Installations, Aileron and Elevator Controls and Trim Control Systems","Control Column Installations, Aileron and Trim Control Systems ----HẾT---",,"Control Column Installations, Aileron and Elevator Controls and Trim Control Systems"
